sample	clone	bulk	scs
0	0	0.0791582	0.0791582
0	1	0.0824088	0.0824088
0	2	0.0835659	0.0835659
0	3	0.0403415	0.0403415
0	4	0.171603	0.171603
0	5	0.0543603	0.0543603
0	6	0.0811672	0.0811672
0	7	0.120239	0.120239
0	8	0.1175	0.1175
0	9	0.169656	0.169656
