sample	clone	bulk	scs
0	0	0.0308227	0.0308227
0	1	0.115922	0.115922
0	2	0.14936	0.14936
0	3	0.0925905	0.0925905
0	4	0.100889	0.100889
0	5	0.0290818	0.0290818
0	6	0.265141	0.265141
0	7	0.0323452	0.0323452
0	8	0.0514375	0.0514375
0	9	0.13241	0.13241
