sample	clone	bulk	scs
0	0	0.109004	0.109004
0	1	0.185502	0.185502
0	2	0.137399	0.137399
0	3	0.098954	0.098954
0	4	0.119732	0.119732
0	5	0.12013	0.12013
0	6	0.0635763	0.0635763
0	7	0.066187	0.066187
0	8	0.0671164	0.0671164
0	9	0.0324005	0.0324005
