sample	clone	bulk	scs
0	0;10;23;25	0.149575	0.149575
0	1;18;43;44	0.112949	0.112949
0	2;17;29	0.033391	0.033391
0	3;35	0.0952783	0.0952783
0	4;15;20;24;30;31;32;38;45	0.120149	0.120149
0	5;11;14;36;41;48	0.069902	0.069902
0	6;13;16;22;27	0.215415	0.215415
0	7;21;33;39;46;47	0.0654861	0.0654861
0	8;12;34;40;42	0.0790414	0.0790414
0	9;19;26;28;37;49	0.0588132	0.0588132
