sample	clone	bulk	scs
0	0;35;37;48	0.0970344	0.0970344
0	1;49	0.0752206	0.0752206
0	2;20;24;32	0.0638363	0.0638363
0	3;15;16;19;23;25	0.0232713	0.0232713
0	4;17;26;40;42;44	0.168502	0.168502
0	5;30;39	0.14173	0.14173
0	6;13;14;22;38;45	0.077123	0.077123
0	7;10;11;12;34;36	0.0686547	0.0686547
0	8;21;28;33;41;43	0.15189	0.15189
0	9;18;27;29;31;46;47	0.132737	0.132737
