sample	clone	bulk	scs
0	0	0.0845576	0.0845576
0	1	0.136674	0.136674
0	2	0.0513604	0.0513604
0	3	0.0967383	0.0967383
0	4	0.0725161	0.0725161
0	5	0.0653811	0.0653811
0	6	0.0321883	0.0321883
0	7	0.261001	0.261001
0	8	0.0994238	0.0994238
0	9	0.100159	0.100159
