sample	clone	bulk	scs
0	0	0.0684678	0.0684678
0	1	0.0934062	0.0934062
0	2	0.0885412	0.0885412
0	3	0.143113	0.143113
0	4	0.05378	0.05378
0	5	0.101296	0.101296
0	6	0.0759325	0.0759325
0	7	0.0684613	0.0684613
0	8	0.0337048	0.0337048
0	9	0.273297	0.273297
