sample	clone	bulk	scs
0	0	0.0529745	0.0529745
0	1	0.172924	0.172924
0	2	0.0509336	0.0509336
0	3	0.25174	0.25174
0	4	0.193608	0.193608
0	5	0.0674222	0.0674222
0	6	0.0386044	0.0386044
0	7	0.0547648	0.0547648
0	8	0.0396218	0.0396218
0	9	0.0774063	0.0774063
