sample	clone	bulk	scs
0	0	0.0468298	0.0468298
0	1	0.070545	0.070545
0	2	0.117683	0.117683
0	3	0.150689	0.150689
0	4	0.173934	0.173934
0	5	0.0801332	0.0801332
0	6	0.187998	0.187998
0	7	0.0285727	0.0285727
0	8	0.087084	0.087084
0	9	0.0565312	0.0565312
