sample	clone	bulk	scs
0	0;17;26;34	0.0571223	0.0571223
0	1;10;25;37;45	0.0611102	0.0611102
0	2;21	0.0399433	0.0399433
0	3;15;16;28;33;39;42	0.124074	0.124074
0	4;12;36;41;46	0.152423	0.152423
0	5;30;38	0.0444007	0.0444007
0	6;11;18;27;40	0.172886	0.172886
0	7;14;20;23;31;35;48;49	0.0277337	0.0277337
0	8;13;19;22;24;29;43;44;47	0.215172	0.215172
0	9;32	0.105134	0.105134
