sample	clone	bulk	scs
0	0;24;28;34;36;40	0.200532	0.200532
0	1;16;41;42	0.0579989	0.0579989
0	2;23;35;37	0.0700673	0.0700673
0	3;11;12;21;29;33	0.020426	0.020426
0	4;15;17;26;32;39;44;45;46	0.0594894	0.0594894
0	5;14;19;20;38;48	0.20994	0.20994
0	6;47	0.19565	0.19565
0	7;10;13	0.0776282	0.0776282
0	8;22;25;30;31	0.0348764	0.0348764
0	9;18;27;43;49	0.0733925	0.0733925
