sample	clone	bulk	scs
0	0;24;25;26;42;46	0.204142	0.204142
0	1;11;23;34	0.116026	0.116026
0	2;10;27;41	0.0651535	0.0651535
0	3;16;29;30;39;47	0.177571	0.177571
0	4;13;21;33;35;44	0.036165	0.036165
0	5;32;37;38	0.196816	0.196816
0	6	0.056924	0.056924
0	7;14;19;20;28;31	0.0687688	0.0687688
0	8;15;22;40;43;48;49	0.0200475	0.0200475
0	9;12;17;18;36;45	0.0583868	0.0583868
