sample	clone	bulk	scs
0	0	0.0254781	0.0254781
0	1	0.0230037	0.0230037
0	2	0.124468	0.124468
0	3	0.113928	0.113928
0	4	0.0256681	0.0256681
0	5	0.130189	0.130189
0	6	0.138033	0.138033
0	7	0.202119	0.202119
0	8	0.123146	0.123146
0	9	0.0939671	0.0939671
