sample	clone	bulk	scs
0	0;13;16;20;30;41;42	0.116117	0.116117
0	1;14;19;22;44;49	0.0914696	0.0914696
0	2;15;18;21;27;32;39	0.100914	0.100914
0	3;25	0.0510794	0.0510794
0	4;17;36;46	0.113668	0.113668
0	5;31;43	0.112219	0.112219
0	6;33	0.0426648	0.0426648
0	7;11;34;37;38;45	0.109862	0.109862
0	8;23;24;28;29;35;47	0.0843261	0.0843261
0	9;10;12;26;40;48	0.177682	0.177682
