sample	clone	bulk	scs
0	0;21;23;45	0.0267321	0.0267321
0	1;24;27;28;29;47	0.0933355	0.0933355
0	2;22;25	0.10759	0.10759
0	3;14;16;26;30;33	0.149899	0.149899
0	4;10;12;18;31;37;41	0.0662148	0.0662148
0	5;20;38;40;48	0.0376125	0.0376125
0	6;32;34;35;42;46;49	0.131754	0.131754
0	7;13;17;19;44	0.0551413	0.0551413
0	8;11;39;43	0.227719	0.227719
0	9;15;36	0.104003	0.104003
