sample	clone	bulk	scs
0	0;19;21;43	0.0914081	0.0914081
0	1;22;25;26;27;45	0.105368	0.105368
0	2;20;23	0.146803	0.146803
0	3;12;14;24;28;31;49	0.0648475	0.0648475
0	4;10;16;29;35;39	0.0368358	0.0368358
0	5;18;36;38;46	0.129033	0.129033
0	6;30;32;33;40;44;47;48	0.0540026	0.0540026
0	7;11;15;17;42	0.223016	0.223016
0	8;37;41	0.101855	0.101855
0	9;13;34	0.0468303	0.0468303
