sample	clone	bulk	scs
0	0	0.0762647	0.0762647
0	1	0.130936	0.130936
0	2	0.145895	0.145895
0	3	0.14638	0.14638
0	4	0.077469	0.077469
0	5	0.0806502	0.0806502
0	6	0.0817826	0.0817826
0	7	0.0394806	0.0394806
0	8	0.167941	0.167941
0	9	0.0532003	0.0532003
