sample	clone	bulk	scs
0	0;10;13;26;28	0.0853434	0.0853434
0	1;21;46;47	0.143062	0.143062
0	2;20;32	0.0843472	0.0843472
0	3;38	0.0760965	0.0760965
0	4;18;23;27;33;34;35;41;48	0.150862	0.150862
0	5;14;17;39;44	0.150201	0.150201
0	6;12;16;19;25;30	0.0708704	0.0708704
0	7;24;36;42;49	0.0869542	0.0869542
0	8;15;37;43;45	0.102271	0.102271
0	9;11;22;29;31;40	0.0499926	0.0499926
