sample	clone	bulk	scs
0	0;18;34;35	0.102961	0.102961
0	1;19;22;31;45	0.0439558	0.0439558
0	2;28;33;36;38;43;46;49	0.128389	0.128389
0	3;10;15;24;25;39;41	0.103504	0.103504
0	4;12;21;30;40;42;47	0.0310317	0.0310317
0	5	0.0458454	0.0458454
0	6;20	0.072481	0.072481
0	7;11;16;23;44	0.0878581	0.0878581
0	8;13;27;29;37;48	0.342491	0.342491
0	9;14;17;26;32	0.0414833	0.0414833
