sample	clone	bulk	scs
0	0;16;44;46	0.0962666	0.0962666
0	1;10;15	0.158477	0.158477
0	2;13;17;29;33;41	0.218465	0.218465
0	3;24;25;28;32;34	0.0541415	0.0541415
0	4;26;35;49	0.0455335	0.0455335
0	5;39;48	0.0507856	0.0507856
0	6;22;23;31;47	0.107241	0.107241
0	7;11;12;19;20;21;43;45	0.0496394	0.0496394
0	8;14;18;30;37;42	0.0717143	0.0717143
0	9;27;36;38;40	0.147736	0.147736
