sample	clone	bulk	scs
0	0	0.107004	0.107004
0	1	0.108526	0.108526
0	2	0.106688	0.106688
0	3	0.0650894	0.0650894
0	4	0.0273165	0.0273165
0	5	0.0686994	0.0686994
0	6	0.0660276	0.0660276
0	7	0.233962	0.233962
0	8	0.0283387	0.0283387
0	9	0.188349	0.188349
