sample	clone	bulk	scs
0	0;18;28;41;49	0.118867	0.118867
0	1;25;47	0.131245	0.131245
0	2;16;30;39;45	0.147058	0.147058
0	3;17;35;44	0.158474	0.158474
0	4;29;46	0.0223053	0.0223053
0	5;11;12;21;38	0.100653	0.100653
0	6;10;15;27;32;42;48	0.127464	0.127464
0	7;19;20;22;23;31;33	0.0635106	0.0635106
0	8;13	0.051634	0.051634
0	9;14;24;26;34;36;37;40;43	0.0787888	0.0787888
