sample	clone	bulk	scs
0	0	0.0906963	0.0906963
0	1	0.0480877	0.0480877
0	2	0.0381364	0.0381364
0	3	0.226102	0.226102
0	4	0.194712	0.194712
0	5	0.0580573	0.0580573
0	6	0.083857	0.083857
0	7	0.152804	0.152804
0	8	0.0578694	0.0578694
0	9	0.0496776	0.0496776
