sample	clone	bulk	scs
0	0	0.157356	0.157356
0	1	0.133487	0.133487
0	2	0.0968738	0.0968738
0	3	0.098252	0.098252
0	4	0.096588	0.096588
0	5	0.0589276	0.0589276
0	6	0.0247305	0.0247305
0	7	0.0621958	0.0621958
0	8	0.0597769	0.0597769
0	9	0.211813	0.211813
