sample	clone	bulk	scs
0	0	0.0372904	0.0372904
0	1	0.221086	0.221086
0	2	0.190392	0.190392
0	3	0.0567694	0.0567694
0	4	0.0819967	0.0819967
0	5	0.149414	0.149414
0	6	0.0565856	0.0565856
0	7	0.0485756	0.0485756
0	8	0.0366209	0.0366209
0	9	0.121268	0.121268
