sample	clone	bulk	scs
0	0;10;40;46	0.094125	0.094125
0	1;14;15;26;33;35;48	0.035124	0.035124
0	2;21;31;32;41;43	0.0375356	0.0375356
0	3;19;25;38	0.100473	0.100473
0	4;17;20;30;34;36;37;47	0.192982	0.192982
0	5;13;16;23;28;42	0.104403	0.104403
0	6;11;12;44;49	0.208589	0.208589
0	7;39	0.0686144	0.0686144
0	8;22;24;45	0.0462924	0.0462924
0	9;18;27;29	0.111861	0.111861
