sample	clone	bulk	scs
0	0;21;23;24;47	0.0712329	0.0712329
0	1;19;34;36;46	0.234662	0.234662
0	2;11;12;14;40;45	0.0379843	0.0379843
0	3;31;37;49	0.117026	0.117026
0	4;13;25;30;44	0.173971	0.173971
0	5;29;32;35;38;39	0.044076	0.044076
0	6;15;22;27;43	0.0276773	0.0276773
0	7;10;20;28;41;48	0.130148	0.130148
0	8;17;18;26	0.133475	0.133475
0	9;16;33;42	0.0297475	0.0297475
