sample	clone	bulk	scs
0	0;10;25;32	0.0923275	0.0923275
0	1;13;22;48	0.105564	0.105564
0	2;12;15;17;21;23;24;35;36	0.0888561	0.0888561
0	3;31;40;49	0.288403	0.288403
0	4;29;41;45;47	0.0541723	0.0541723
0	5;11;16;18;26;27;30;46	0.111058	0.111058
0	6;39	0.0914093	0.0914093
0	7;37;43;44	0.0278768	0.0278768
0	8;14;20;33;34;38;42	0.0305652	0.0305652
0	9;19;28	0.109768	0.109768
