sample	clone	bulk	scs
0	0;12;17;19;22;25;38;48	0.0737531	0.0737531
0	1;11;21;27;28;45	0.0553801	0.0553801
0	2;10;15;18;24;36	0.0676796	0.0676796
0	3;14;23;37	0.091144	0.091144
0	4;49	0.124725	0.124725
0	5;31;32;41	0.137713	0.137713
0	6;16;30;35;47	0.154305	0.154305
0	7;13;20;39;40;42;43	0.166283	0.166283
0	8;26;33	0.0234045	0.0234045
0	9;29;34;44;46	0.105613	0.105613
