sample	clone	bulk	scs
0	0;23;30;48	0.241539	0.241539
0	1;11;20;46;49	0.0754024	0.0754024
0	2;10;13;15;19;21;22;33;34	0.100242	0.100242
0	3;29;38;47	0.200234	0.200234
0	4;27;39;43;45	0.0443777	0.0443777
0	5;14;16;24;25;28;44	0.13435	0.13435
0	6;37	0.0207351	0.0207351
0	7;35;41;42	0.0894479	0.0894479
0	8;12;18;31;32;36;40	0.0641354	0.0641354
0	9;17;26	0.0295367	0.0295367
