sample	clone	bulk	scs
0	0	0.241089	0.241089
0	1	0.0225491	0.0225491
0	2	0.0980161	0.0980161
0	3	0.154928	0.154928
0	4	0.0509244	0.0509244
0	5	0.0598196	0.0598196
0	6	0.0253651	0.0253651
0	7	0.0516992	0.0516992
0	8	0.133152	0.133152
0	9	0.162457	0.162457
