sample	clone	bulk	scs
0	0	0.148141	0.148141
0	1	0.123702	0.123702
0	2	0.0747284	0.0747284
0	3	0.068588	0.068588
0	4	0.130343	0.130343
0	5	0.0436964	0.0436964
0	6	0.0741813	0.0741813
0	7	0.0688539	0.0688539
0	8	0.086543	0.086543
0	9	0.181223	0.181223
