sample	clone	bulk	scs
0	0;21;24;28;38;49	0.0884198	0.0884198
0	1;22;27;30	0.0525273	0.0525273
0	2;23;26;29;35;40;47	0.135165	0.135165
0	3;13;17;33	0.106474	0.106474
0	4;11;25;44	0.117467	0.117467
0	5;10;39	0.0594585	0.0594585
0	6;41	0.132314	0.132314
0	7;14;15;19;42;45;46	0.130627	0.130627
0	8;31;32;36;37;43	0.0496636	0.0496636
0	9;12;16;18;20;34;48	0.127884	0.127884
