sample	clone	bulk	scs
0	0;35;37	0.178495	0.178495
0	1;15;19;38;41;42;43	0.056939	0.056939
0	2;12;22;36;39	0.109567	0.109567
0	3;28;30;40;44;47	0.0285573	0.0285573
0	4;10;13;24;26;32;45	0.0997081	0.0997081
0	5;17;34	0.114936	0.114936
0	6;14;46;48;49	0.160133	0.160133
0	7;11;16;18;21;23;27;31;33	0.0707357	0.0707357
0	8;25	0.0401805	0.0401805
0	9;20;29	0.140749	0.140749
