sample	clone	bulk	scs
0	0	0.0699728	0.0699728
0	1	0.076248	0.076248
0	2	0.0233619	0.0233619
0	3	0.081568	0.081568
0	4	0.100366	0.100366
0	5	0.132726	0.132726
0	6	0.0440422	0.0440422
0	7	0.0714872	0.0714872
0	8	0.158762	0.158762
0	9	0.241466	0.241466
