sample	clone	bulk	scs
0	0	0.118924	0.118924
0	1	0.0383362	0.0383362
0	2	0.0465128	0.0465128
0	3	0.151966	0.151966
0	4	0.200942	0.200942
0	5	0.0775973	0.0775973
0	6	0.0666614	0.0666614
0	7	0.12459	0.12459
0	8	0.0431893	0.0431893
0	9	0.131281	0.131281
