sample	clone	bulk	scs
0	0	0.0954565	0.0954565
0	1	0.0743328	0.0743328
0	2	0.0846425	0.0846425
0	3	0.240716	0.240716
0	4	0.177947	0.177947
0	5	0.021748	0.021748
0	6	0.0395179	0.0395179
0	7	0.0680524	0.0680524
0	8	0.0501445	0.0501445
0	9	0.147443	0.147443
