sample	clone	bulk	scs
0	0;10;15;16;17;18;24;26;27;28;31;35;39	0.114335	0.114335
0	1;34	0.085082	0.085082
0	2;12;37;42	0.193191	0.193191
0	3;20;21;29;30;49	0.0973431	0.0973431
0	4;33;38;41;47;48	0.0682961	0.0682961
0	5;13;22;43	0.150295	0.150295
0	6;32;40;44	0.0402076	0.0402076
0	7;14	0.0641487	0.0641487
0	8;11;25;36	0.0912326	0.0912326
0	9;19;23;45;46	0.0958685	0.0958685
