sample	clone	bulk	scs
0	0	0.158658	0.158658
0	1	0.152078	0.152078
0	2	0.0376911	0.0376911
0	3	0.0567783	0.0567783
0	4	0.0947173	0.0947173
0	5	0.121283	0.121283
0	6	0.139991	0.139991
0	7	0.0644954	0.0644954
0	8	0.151311	0.151311
0	9	0.0229968	0.0229968
