sample	clone	bulk	scs
0	0;13	0.077079	0.077079
0	1;16;24;35;41	0.109593	0.109593
0	2;34;36;43;46;47	0.0600015	0.0600015
0	3;12;18;21;32;39	0.141901	0.141901
0	4;15;20;25;44	0.0607091	0.0607091
0	5;17	0.0855015	0.0855015
0	6;19;29;31;42;49	0.029815	0.029815
0	7;10;14;27;28;45	0.191651	0.191651
0	8;22;23;26;37;38;48	0.167111	0.167111
0	9;11;30;33;40	0.0766384	0.0766384
