sample	clone	bulk	scs
0	0;22;24;26;44	0.0909116	0.0909116
0	1;15;25;34;37	0.0973807	0.0973807
0	2;14;29;36;48	0.14985	0.14985
0	3;19;42;43	0.0454242	0.0454242
0	4;12;20;23;39	0.0642253	0.0642253
0	5;21;30	0.073893	0.073893
0	6;10;16;38;45	0.0229897	0.0229897
0	7;41;47	0.303446	0.303446
0	8;11;13;27;31;32;40;46;49	0.0743985	0.0743985
0	9;17;18;28;33;35	0.0774817	0.0774817
