sample	clone	bulk	scs
0	0;40;41	0.165892	0.165892
0	1;13;24;30	0.0810558	0.0810558
0	2;23;25;32;35;36;43	0.1149	0.1149
0	3;10;21;28;44;49	0.0913858	0.0913858
0	4;14;33	0.0514618	0.0514618
0	5	0.12108	0.12108
0	6;18;20;31;38	0.131382	0.131382
0	7;16;17;34;48	0.103204	0.103204
0	8;11;12;15;26;27;37;39;45;46;47	0.0406244	0.0406244
0	9;19;22;29;42	0.099014	0.099014
