sample	clone	bulk	scs
0	0	0.02739	0.02739
0	1	0.0287373	0.0287373
0	2	0.369235	0.369235
0	3	0.0583524	0.0583524
0	4	0.0232334	0.0232334
0	5	0.0876381	0.0876381
0	6	0.153703	0.153703
0	7	0.109306	0.109306
0	8	0.0766003	0.0766003
0	9	0.0658048	0.0658048
