sample	clone	bulk	scs
0	0;13;14;15;16;22;24;25;26;29;33;37	0.149395	0.149395
0	1;32	0.0413329	0.0413329
0	2;10;35;40;48	0.0232828	0.0232828
0	3;18;19;27;28;47	0.169825	0.169825
0	4;31;36;39;45;46	0.077992	0.077992
0	5;11;20;41	0.0987541	0.0987541
0	6;30;38;42	0.0977839	0.0977839
0	7;12	0.0899273	0.0899273
0	8;23;34;49	0.159001	0.159001
0	9;17;21;43;44	0.0927058	0.0927058
