sample	clone	bulk	scs
0	0;10;16;18;19;20;23;27;31	0.169466	0.169466
0	1;26	0.085389	0.085389
0	2;29;34;42	0.0599091	0.0599091
0	3;12;13;21;22;41	0.131838	0.131838
0	4;25;30;33;39;40;44;45;46	0.0352699	0.0352699
0	5;14;35;48	0.056271	0.056271
0	6;24;32;36	0.0800289	0.0800289
0	7;47;49	0.0840955	0.0840955
0	8;17;28;43	0.0959849	0.0959849
0	9;11;15;37;38	0.201747	0.201747
