sample	clone	bulk	scs
0	0;13;15;32	0.159734	0.159734
0	1	0.065361	0.065361
0	2;12;14;30	0.0431085	0.0431085
0	3;16;27;35;47	0.185163	0.185163
0	4;23;33;34;39	0.058969	0.058969
0	5;20;26;28;36;37;49	0.132635	0.132635
0	6;10;17;19;40;43;45	0.0786044	0.0786044
0	7;21;24;31;41	0.101632	0.101632
0	8;11;25;38;42;48	0.111272	0.111272
0	9;18;22;29;44;46	0.0635212	0.0635212
